﻿<?xml version="1.0" encoding="utf-8"?>

<!--TODO: 1.0 - ViewStandings Command and Page-->
<VoiceCommands xmlns="http://schemas.microsoft.com/voicecommands/1.0">
	<CommandSet xml:lang="en-US" Name="DAPPrCommandSet">
		<CommandPrefix>Dapper</CommandPrefix>
		<Example> view standings </Example>

		<Command Name="ViewStandings">
			<Example> view standings </Example>
			<ListenFor> view [current] standings </ListenFor>
			<ListenFor> view [current] stats </ListenFor>
			<Feedback> Opening standings... </Feedback>
			<Navigate Target="/Standings.xaml" />
		</Command>





		<!--***************************************-->
		<!--***************************************-->
		<!--***************************************-->
		<!--***************************************-->
		<!--***************************************-->
		<!--***************************************-->
		<!--***************************************-->
		<!--***************************************-->
		<!--***************************************-->
		<!--***************************************-->
		<!--***************************************-->
		<!--***************************************-->
		<!--***************************************-->
		<!--***************************************-->
		<!--***************************************-->
		<!--***************************************-->
		<!--***************************************-->
		<!--***************************************-->
		<!--***************************************-->
		<!--***************************************-->
		<!--***************************************-->
		<!--***************************************-->
		<!--***************************************-->




		<!--TODO: 2.0 - RecordMatch Command Variations and Phrase Lists-->
		<Command Name="RecordMatch">
			<Example> record match </Example>
			<ListenFor> record [new] match </ListenFor>
			<ListenFor> start [a] [new] match </ListenFor>
			<Feedback> Recording match... </Feedback>
			<Navigate Target="\RecordMatch.xaml" />
		</Command>

		<Command Name="RecordMatchWithPlayerNames">
			<Example> match Danny versus Scott </Example>
			<ListenFor> [new] match {Player1Name} and {Player2Name} </ListenFor>
			<ListenFor> {Player1Name} versus {Player2Name} </ListenFor>
			<Feedback> Recording match... </Feedback>
			<Navigate Target="\RecordMatch.xaml" />
		</Command>

		<Command Name="RecordMatchWithTeamNames">
			<Example> match Danny and Scott </Example>
			<ListenFor> [new] match {Team1Name} and {Team2Name} </ListenFor>
			<ListenFor> {Team1Name} versus {Team2Name} </ListenFor>
			<Feedback> Recording match... </Feedback>
			<Navigate Target="\RecordMatch.xaml" />
		</Command>

		<Command Name="RecordMatchUnknown">
			<Example> match Danny and Scott </Example>
			<ListenFor> [new] match {*} and {*} </ListenFor>
			<ListenFor> {*} versus {*} </ListenFor>
			<Feedback> Recording match... </Feedback>
			<Navigate Target="\RecordMatch.xaml" />
		</Command>

		<PhraseList Label="Player1Name">
			<Item> Player 1 </Item>
		</PhraseList>

		<PhraseList Label="Player2Name">
			<Item> Player 2 </Item>
		</PhraseList>

		<PhraseList Label="Team1Name">
			<Item> Team 1 </Item>
		</PhraseList>

		<PhraseList Label="Team2Name">
			<Item> Team 2 </Item>
		</PhraseList>

	</CommandSet>
</VoiceCommands>