﻿<?xml version="1.0" encoding="utf-8"?>

<VoiceCommands xmlns="http://schemas.microsoft.com/voicecommands/1.0">
	<CommandSet xml:lang="en-US">
		<CommandPrefix>Dappr</CommandPrefix>
		<Example> play a new game </Example>

		<Command Name="RecordMatch">
			<Example> record match </Example>
			<ListenFor> record [new] match </ListenFor>
			<ListenFor> start [a] [new] match </ListenFor>
			<Feedback> Recording match... </Feedback>
			<Navigate Target="Pages\RecordMatch.xaml" />
		</Command>

		<Command Name="RecordMatchWithPlayerNames">
			<Example> match Danny verse Scott </Example>
			<ListenFor> [new] match {Player1Name} and {Player2Name} </ListenFor>
			<ListenFor> {Player1Name} verse {Player2Name} </ListenFor>
			<Feedback> Recording match... </Feedback>
			<Navigate Target="Pages\RecordMatch.xaml" />
		</Command>

		<Command Name="RecordMatchWithTeamNames">
			<Example> match Danny and Scott </Example>
			<ListenFor> [new] match {Team1Name} and {Team2Name} </ListenFor>
			<ListenFor> {Team1Name} verse {Team2Name} </ListenFor>
			<Feedback> Recording match... </Feedback>
			<Navigate Target="Pages\RecordMatch.xaml" />
		</Command>

		<!--Should go to a select opponents page-->
		<Command Name="RecordMatchUnknown">
			<Example> match Danny and Scott </Example>
			<ListenFor> [new] match {*} and {*} </ListenFor>
			<ListenFor> {*} verse {*} </ListenFor>
			<Feedback> Recording match... </Feedback>
			<Navigate Target="Pages\RecordMatch.xaml" />
		</Command>

		<Command Name="MatchResults">
			<Example> display match results </Example>
			<ListenFor> [display] match results </ListenFor>
			<ListenFor> [display] results </ListenFor>
			<ListenFor> [show] match results </ListenFor>
			<ListenFor> [show] results </ListenFor>
			<Feedback> Displaying match results... </Feedback>
			<Navigate Target="Pages\MatchResults.xaml" />
		</Command>

		<!--<Command Name="PlayUnknownLevel">
      <Example> replay level two </Example>
      <ListenFor> [and] replay level {*} </ListenFor>
      <Feedback> Unknown level; going to level selection... </Feedback>
      <Navigate Target="LevelSelect.xaml" />
    </Command>-->

		<PhraseList Label="Player1Name">
			<Item> Danny </Item>
			<Item> Scott </Item>
			<Item> Mike </Item>
		</PhraseList>

		<PhraseList Label="Player2Name">
			<Item> Danny </Item>
			<Item> Scott </Item>
			<Item> Mike </Item>
		</PhraseList>

		<PhraseList Label="Team1Name">
			<Item> Not A Thing </Item>
			<Item> Lumberjacks </Item>
			<Item> Jokers </Item>
		</PhraseList>

		<PhraseList Label="Team2Name">
			<Item> Not A Thing </Item>
			<Item> Lumberjacks </Item>
			<Item> Jokers </Item>
		</PhraseList>

	</CommandSet>
</VoiceCommands>

<!-- Example -->
<!--

    The preceding example demonstrates a hypothetical game called 'Contoso ROD3O!' which defines two
    Commands that a user can say to either start a new game or replay one of three levels in the game.  
    To initiate the PlayGame command, a user can say "Contoso Rodeo play  a new game" or "Contoso Rodeo
    play new game". Either phrase will start a new game. To initiate the second Command, a user can say
    "Contoso Rodeo replay level one", "Contoso Rodeo replay level two", or "Contoso Rodeo replay level 
    three".
    The second Command demonstrates how to use a PhraseList with a Command. PhraseLists can be updated 
    dynamically by the application (e.g., if a user unlocks a new level or game or feature, you might 
    want to allow the user to give commands for newfeatures after voice commands are already registered.)
    The third Command demonstrates how the {*} sequence can parallel another command to recognize speech
    that is not defined in the CommandSet.

  Note:

      [and] Indicates that "and" is optional. Making connecting words like this optional
            can help both "Contoso Rodeo, play new game" and "open Contoso Rodeo and play
            a new game" feel natural to speak.
                 
      {number} Defined separately from the Command, mapping to "one" or "two" or "three".

-->