<?xml version="1.0"?>
<doc>
    <assembly>
        <name>Microsoft.Practices.Prism.PubSubEvents</name>
    </assembly>
    <members>
        <member name="T:Microsoft.Practices.Prism.PubSubEvents.BackgroundEventSubscription`1">
            <summary>
            Extends <see cref="T:Microsoft.Practices.Prism.PubSubEvents.EventSubscription`1"/> to invoke the <see cref="P:Microsoft.Practices.Prism.PubSubEvents.EventSubscription`1.Action"/> delegate in a background thread.
            </summary>
            <typeparam name="TPayload">The type to use for the generic <see cref="T:System.Action`1"/> and <see cref="T:System.Predicate`1"/> types.</typeparam>
        </member>
        <member name="T:Microsoft.Practices.Prism.PubSubEvents.EventSubscription`1">
            <summary>
            Provides a way to retrieve a <see cref="T:System.Delegate"/> to execute an action depending
            on the value of a second filter predicate that returns true if the action should execute.
            </summary>
            <typeparam name="TPayload">The type to use for the generic <see cref="T:System.Action`1"/> and <see cref="T:System.Predicate`1"/> types.</typeparam>
        </member>
        <member name="T:Microsoft.Practices.Prism.PubSubEvents.IEventSubscription">
            <summary>
             Defines a contract for an event subscription to be used by <see cref="T:Microsoft.Practices.Prism.PubSubEvents.EventBase"/>.
            </summary>
        </member>
        <member name="M:Microsoft.Practices.Prism.PubSubEvents.IEventSubscription.GetExecutionStrategy">
            <summary>
            Gets the execution strategy to publish this event.
            </summary>
            <returns>An <see cref="T:System.Action`1"/> with the execution strategy, or <see langword="null"/> if the <see cref="T:Microsoft.Practices.Prism.PubSubEvents.IEventSubscription"/> is no longer valid.</returns>
        </member>
        <member name="P:Microsoft.Practices.Prism.PubSubEvents.IEventSubscription.SubscriptionToken">
            <summary>
            Gets or sets a <see cref="!:Events.SubscriptionToken"/> that identifies this <see cref="T:Microsoft.Practices.Prism.PubSubEvents.IEventSubscription"/>.
            </summary>
            <value>A token that identifies this <see cref="T:Microsoft.Practices.Prism.PubSubEvents.IEventSubscription"/>.</value>
        </member>
        <member name="M:Microsoft.Practices.Prism.PubSubEvents.EventSubscription`1.#ctor(Microsoft.Practices.Prism.PubSubEvents.IDelegateReference,Microsoft.Practices.Prism.PubSubEvents.IDelegateReference)">
            <summary>
             Creates a new instance of <see cref="T:Microsoft.Practices.Prism.PubSubEvents.EventSubscription`1"/>.
            </summary>
            <param name="actionReference">A reference to a delegate of type <see cref="T:System.Action`1"/>.</param>
            <param name="filterReference">A reference to a delegate of type <see cref="T:System.Predicate`1"/>.</param>
            <exception cref="T:System.ArgumentNullException">When <paramref name="actionReference"/> or <see paramref="filterReference"/> are <see langword="null"/>.</exception>
            <exception cref="T:System.ArgumentException">When the target of <paramref name="actionReference"/> is not of type <see cref="T:System.Action`1"/>,
            or the target of <paramref name="filterReference"/> is not of type <see cref="T:System.Predicate`1"/>.</exception>
        </member>
        <member name="M:Microsoft.Practices.Prism.PubSubEvents.EventSubscription`1.GetExecutionStrategy">
            <summary>
            Gets the execution strategy to publish this event.
            </summary>
            <returns>An <see cref="T:System.Action`1"/> with the execution strategy, or <see langword="null"/> if the <see cref="T:Microsoft.Practices.Prism.PubSubEvents.IEventSubscription"/> is no longer valid.</returns>
            <remarks>
            If <see cref="P:Microsoft.Practices.Prism.PubSubEvents.EventSubscription`1.Action"/> or <see cref="P:Microsoft.Practices.Prism.PubSubEvents.EventSubscription`1.Filter"/> are no longer valid because they were
            garbage collected, this method will return <see langword="null"/>.
            Otherwise it will return a delegate that evaluates the <see cref="P:Microsoft.Practices.Prism.PubSubEvents.EventSubscription`1.Filter"/> and if it
            returns <see langword="true"/> will then call <see cref="M:Microsoft.Practices.Prism.PubSubEvents.EventSubscription`1.InvokeAction(System.Action{`0},`0)"/>. The returned
            delegate holds hard references to the <see cref="P:Microsoft.Practices.Prism.PubSubEvents.EventSubscription`1.Action"/> and <see cref="P:Microsoft.Practices.Prism.PubSubEvents.EventSubscription`1.Filter"/> target
            <see cref="T:System.Delegate">delegates</see>. As long as the returned delegate is not garbage collected,
            the <see cref="P:Microsoft.Practices.Prism.PubSubEvents.EventSubscription`1.Action"/> and <see cref="P:Microsoft.Practices.Prism.PubSubEvents.EventSubscription`1.Filter"/> references delegates won't get collected either.
            </remarks>
        </member>
        <member name="M:Microsoft.Practices.Prism.PubSubEvents.EventSubscription`1.InvokeAction(System.Action{`0},`0)">
            <summary>
            Invokes the specified <see cref="T:System.Action`1"/> synchronously when not overridden.
            </summary>
            <param name="action">The action to execute.</param>
            <param name="argument">The payload to pass <paramref name="action"/> while invoking it.</param>
            <exception cref="T:System.ArgumentNullException">An <see cref="T:System.ArgumentNullException"/> is thrown if <paramref name="action"/> is null.</exception>
        </member>
        <member name="P:Microsoft.Practices.Prism.PubSubEvents.EventSubscription`1.Action">
            <summary>
            Gets the target <see cref="T:System.Action`1"/> that is referenced by the <see cref="T:Microsoft.Practices.Prism.PubSubEvents.IDelegateReference"/>.
            </summary>
            <value>An <see cref="T:System.Action`1"/> or <see langword="null"/> if the referenced target is not alive.</value>
        </member>
        <member name="P:Microsoft.Practices.Prism.PubSubEvents.EventSubscription`1.Filter">
            <summary>
            Gets the target <see cref="T:System.Predicate`1"/> that is referenced by the <see cref="T:Microsoft.Practices.Prism.PubSubEvents.IDelegateReference"/>.
            </summary>
            <value>An <see cref="T:System.Predicate`1"/> or <see langword="null"/> if the referenced target is not alive.</value>
        </member>
        <member name="P:Microsoft.Practices.Prism.PubSubEvents.EventSubscription`1.SubscriptionToken">
            <summary>
            Gets or sets a <see cref="!:Events.SubscriptionToken"/> that identifies this <see cref="T:Microsoft.Practices.Prism.PubSubEvents.IEventSubscription"/>.
            </summary>
            <value>A token that identifies this <see cref="T:Microsoft.Practices.Prism.PubSubEvents.IEventSubscription"/>.</value>
        </member>
        <member name="M:Microsoft.Practices.Prism.PubSubEvents.BackgroundEventSubscription`1.#ctor(Microsoft.Practices.Prism.PubSubEvents.IDelegateReference,Microsoft.Practices.Prism.PubSubEvents.IDelegateReference)">
            <summary>
            Creates a new instance of <see cref="T:Microsoft.Practices.Prism.PubSubEvents.BackgroundEventSubscription`1"/>.
            </summary>
            <param name="actionReference">A reference to a delegate of type <see cref="T:System.Action`1"/>.</param>
            <param name="filterReference">A reference to a delegate of type <see cref="T:System.Predicate`1"/>.</param>
            <exception cref="T:System.ArgumentNullException">When <paramref name="actionReference"/> or <see paramref="filterReference"/> are <see langword="null"/>.</exception>
            <exception cref="T:System.ArgumentException">When the target of <paramref name="actionReference"/> is not of type <see cref="T:System.Action`1"/>,
            or the target of <paramref name="filterReference"/> is not of type <see cref="T:System.Predicate`1"/>.</exception>
        </member>
        <member name="M:Microsoft.Practices.Prism.PubSubEvents.BackgroundEventSubscription`1.InvokeAction(System.Action{`0},`0)">
            <summary>
            Invokes the specified <see cref="T:System.Action`1"/> in an asynchronous thread by using a <see cref="T:System.Threading.ThreadPool"/>.
            </summary>
            <param name="action">The action to execute.</param>
            <param name="argument">The payload to pass <paramref name="action"/> while invoking it.</param>
        </member>
        <member name="T:Microsoft.Practices.Prism.PubSubEvents.DataEventArgs`1">
            <summary>
            Generic arguments class to pass to event handlers that need to receive data.
            </summary>
            <typeparam name="TData">The type of data to pass.</typeparam>
        </member>
        <member name="M:Microsoft.Practices.Prism.PubSubEvents.DataEventArgs`1.#ctor(`0)">
            <summary>
            Initializes the DataEventArgs class.
            </summary>
            <param name="value">Information related to the event.</param>
        </member>
        <member name="P:Microsoft.Practices.Prism.PubSubEvents.DataEventArgs`1.Value">
            <summary>
            Gets the information related to the event.
            </summary>
            <value>Information related to the event.</value>
        </member>
        <member name="T:Microsoft.Practices.Prism.PubSubEvents.DelegateReference">
            <summary>
            Represents a reference to a <see cref="T:System.Delegate"/> that may contain a
            <see cref="T:System.WeakReference"/> to the target. This class is used
            internally by the Composite Application Library.
            </summary>
        </member>
        <member name="T:Microsoft.Practices.Prism.PubSubEvents.IDelegateReference">
            <summary>
            Represents a reference to a <see cref="T:System.Delegate"/>.
            </summary>
        </member>
        <member name="P:Microsoft.Practices.Prism.PubSubEvents.IDelegateReference.Target">
            <summary>
            Gets the referenced <see cref="T:System.Delegate"/> object.
            </summary>
            <value>A <see cref="T:System.Delegate"/> instance if the target is valid; otherwise <see langword="null"/>.</value>
        </member>
        <member name="M:Microsoft.Practices.Prism.PubSubEvents.DelegateReference.#ctor(System.Delegate,System.Boolean)">
            <summary>
            Initializes a new instance of <see cref="T:Microsoft.Practices.Prism.PubSubEvents.DelegateReference"/>.
            </summary>
            <param name="delegate">The original <see cref="T:System.Delegate"/> to create a reference for.</param>
            <param name="keepReferenceAlive">If <see langword="false"/> the class will create a weak reference to the delegate, allowing it to be garbage collected. Otherwise it will keep a strong reference to the target.</param>
            <exception cref="T:System.ArgumentNullException">If the passed <paramref name="delegate"/> is not assignable to <see cref="T:System.Delegate"/>.</exception>
        </member>
        <member name="P:Microsoft.Practices.Prism.PubSubEvents.DelegateReference.Target">
            <summary>
            Gets the <see cref="T:System.Delegate"/> (the target) referenced by the current <see cref="T:Microsoft.Practices.Prism.PubSubEvents.DelegateReference"/> object.
            </summary>
            <value><see langword="null"/> if the object referenced by the current <see cref="T:Microsoft.Practices.Prism.PubSubEvents.DelegateReference"/> object has been garbage collected; otherwise, a reference to the <see cref="T:System.Delegate"/> referenced by the current <see cref="T:Microsoft.Practices.Prism.PubSubEvents.DelegateReference"/> object.</value>
        </member>
        <member name="T:Microsoft.Practices.Prism.PubSubEvents.DispatcherEventSubscription`1">
            <summary>
             Extends <see cref="T:Microsoft.Practices.Prism.PubSubEvents.EventSubscription`1"/> to invoke the <see cref="P:Microsoft.Practices.Prism.PubSubEvents.EventSubscription`1.Action"/> delegate
             in a specific <see cref="!:Dispatcher"/>.
            </summary>
             <typeparam name="TPayload">The type to use for the generic <see cref="T:System.Action`1"/> and <see cref="T:System.Predicate`1"/> types.</typeparam>
        </member>
        <member name="M:Microsoft.Practices.Prism.PubSubEvents.DispatcherEventSubscription`1.#ctor(Microsoft.Practices.Prism.PubSubEvents.IDelegateReference,Microsoft.Practices.Prism.PubSubEvents.IDelegateReference,System.Threading.SynchronizationContext)">
            <summary>
             Creates a new instance of <see cref="T:Microsoft.Practices.Prism.PubSubEvents.BackgroundEventSubscription`1"/>.
            </summary>
            <param name="actionReference">A reference to a delegate of type <see cref="T:System.Action`1"/>.</param>
            <param name="filterReference">A reference to a delegate of type <see cref="T:System.Predicate`1"/>.</param>
            <param name="context">The synchronization context to use for UI thread dispatching.</param>
            <exception cref="T:System.ArgumentNullException">When <paramref name="actionReference"/> or <see paramref="filterReference"/> are <see langword="null"/>.</exception>
            <exception cref="T:System.ArgumentException">When the target of <paramref name="actionReference"/> is not of type <see cref="T:System.Action`1"/>,
            or the target of <paramref name="filterReference"/> is not of type <see cref="T:System.Predicate`1"/>.</exception>
        </member>
        <member name="M:Microsoft.Practices.Prism.PubSubEvents.DispatcherEventSubscription`1.InvokeAction(System.Action{`0},`0)">
            <summary>
            Invokes the specified <see cref="T:System.Action`1"/> asynchronously in the specified <see cref="!:Dispatcher"/>.
            </summary>
            <param name="action">The action to execute.</param>
            <param name="argument">The payload to pass <paramref name="action"/> while invoking it.</param>
        </member>
        <member name="T:Microsoft.Practices.Prism.PubSubEvents.EventAggregator">
            <summary>
            Implements <see cref="T:Microsoft.Practices.Prism.PubSubEvents.IEventAggregator"/>.
            </summary>
        </member>
        <member name="T:Microsoft.Practices.Prism.PubSubEvents.IEventAggregator">
            <summary>
            Defines an interface to get instances of an event type.
            </summary>
        </member>
        <member name="M:Microsoft.Practices.Prism.PubSubEvents.IEventAggregator.GetEvent``1">
            <summary>
            Gets an instance of an event type.
            </summary>
            <typeparam name="TEventType">The type of event to get.</typeparam>
            <returns>An instance of an event object of type <typeparamref name="TEventType"/>.</returns>
        </member>
        <member name="M:Microsoft.Practices.Prism.PubSubEvents.EventAggregator.GetEvent``1">
            <summary>
            Gets the single instance of the event managed by this EventAggregator. Multiple calls to this method with the same <typeparamref name="TEventType"/> returns the same event instance.
            </summary>
            <typeparam name="TEventType">The type of event to get. This must inherit from <see cref="T:Microsoft.Practices.Prism.PubSubEvents.EventBase"/>.</typeparam>
            <returns>A singleton instance of an event object of type <typeparamref name="TEventType"/>.</returns>
        </member>
        <member name="T:Microsoft.Practices.Prism.PubSubEvents.EventBase">
            <summary>
             Defines a base class to publish and subscribe to events.
            </summary>
        </member>
        <member name="M:Microsoft.Practices.Prism.PubSubEvents.EventBase.InternalSubscribe(Microsoft.Practices.Prism.PubSubEvents.IEventSubscription)">
            <summary>
            Adds the specified <see cref="T:Microsoft.Practices.Prism.PubSubEvents.IEventSubscription"/> to the subscribers' collection.
            </summary>
            <param name="eventSubscription">The subscriber.</param>
            <returns>The <see cref="T:Microsoft.Practices.Prism.PubSubEvents.SubscriptionToken"/> that uniquely identifies every subscriber.</returns>
            <remarks>
            Adds the subscription to the internal list and assigns it a new <see cref="T:Microsoft.Practices.Prism.PubSubEvents.SubscriptionToken"/>.
            </remarks>
        </member>
        <member name="M:Microsoft.Practices.Prism.PubSubEvents.EventBase.InternalPublish(System.Object[])">
            <summary>
            Calls all the execution strategies exposed by the list of <see cref="T:Microsoft.Practices.Prism.PubSubEvents.IEventSubscription"/>.
            </summary>
            <param name="arguments">The arguments that will be passed to the listeners.</param>
            <remarks>Before executing the strategies, this class will prune all the subscribers from the
            list that return a <see langword="null"/> <see cref="T:System.Action`1"/> when calling the
            <see cref="M:Microsoft.Practices.Prism.PubSubEvents.IEventSubscription.GetExecutionStrategy"/> method.</remarks>
        </member>
        <member name="M:Microsoft.Practices.Prism.PubSubEvents.EventBase.Unsubscribe(Microsoft.Practices.Prism.PubSubEvents.SubscriptionToken)">
            <summary>
            Removes the subscriber matching the <seealso cref="T:Microsoft.Practices.Prism.PubSubEvents.SubscriptionToken"/>.
            </summary>
            <param name="token">The <see cref="T:Microsoft.Practices.Prism.PubSubEvents.SubscriptionToken"/> returned by <see cref="T:Microsoft.Practices.Prism.PubSubEvents.EventBase"/> while subscribing to the event.</param>
        </member>
        <member name="M:Microsoft.Practices.Prism.PubSubEvents.EventBase.Contains(Microsoft.Practices.Prism.PubSubEvents.SubscriptionToken)">
            <summary>
            Returns <see langword="true"/> if there is a subscriber matching <see cref="T:Microsoft.Practices.Prism.PubSubEvents.SubscriptionToken"/>.
            </summary>
            <param name="token">The <see cref="T:Microsoft.Practices.Prism.PubSubEvents.SubscriptionToken"/> returned by <see cref="T:Microsoft.Practices.Prism.PubSubEvents.EventBase"/> while subscribing to the event.</param>
            <returns><see langword="true"/> if there is a <see cref="T:Microsoft.Practices.Prism.PubSubEvents.SubscriptionToken"/> that matches; otherwise <see langword="false"/>.</returns>
        </member>
        <member name="P:Microsoft.Practices.Prism.PubSubEvents.EventBase.SynchronizationContext">
            <summary>
            Allows the SynchronizationContext to be set by the EventAggregator for UI Thread Dispatching
            </summary>
        </member>
        <member name="P:Microsoft.Practices.Prism.PubSubEvents.EventBase.Subscriptions">
            <summary>
            Gets the list of current subscriptions.
            </summary>
            <value>The current subscribers.</value>
        </member>
        <member name="T:Microsoft.Practices.Prism.PubSubEvents.Properties.Resources">
            <summary>
              A strongly-typed resource class, for looking up localized strings, etc.
            </summary>
        </member>
        <member name="P:Microsoft.Practices.Prism.PubSubEvents.Properties.Resources.ResourceManager">
            <summary>
              Returns the cached ResourceManager instance used by this class.
            </summary>
        </member>
        <member name="P:Microsoft.Practices.Prism.PubSubEvents.Properties.Resources.Culture">
            <summary>
              Overrides the current thread's CurrentUICulture property for all
              resource lookups using this strongly typed resource class.
            </summary>
        </member>
        <member name="P:Microsoft.Practices.Prism.PubSubEvents.Properties.Resources.EventAggregatorNotConstructedOnUIThread">
            <summary>
              Looks up a localized string similar to To use the UIThread option for subscribing, the EventAggregator must be constructed on the UI thread..
            </summary>
        </member>
        <member name="P:Microsoft.Practices.Prism.PubSubEvents.Properties.Resources.InvalidDelegateRerefenceTypeException">
            <summary>
              Looks up a localized string similar to Invalid Delegate Reference Type Exception.
            </summary>
        </member>
        <member name="P:Microsoft.Practices.Prism.PubSubEvents.Properties.Resources.InvalidPropertyNameException">
            <summary>
              Looks up a localized string similar to The entity does not contain a property with that name.
            </summary>
        </member>
        <member name="T:Microsoft.Practices.Prism.PubSubEvents.PubSubEvent`1">
            <summary>
            Defines a class that manages publication and subscription to events.
            </summary>
            <typeparam name="TPayload">The type of message that will be passed to the subscribers.</typeparam>
        </member>
        <member name="M:Microsoft.Practices.Prism.PubSubEvents.PubSubEvent`1.Subscribe(System.Action{`0})">
            <summary>
            Subscribes a delegate to an event that will be published on the <see cref="F:Microsoft.Practices.Prism.PubSubEvents.ThreadOption.PublisherThread"/>.
            <see cref="T:Microsoft.Practices.Prism.PubSubEvents.PubSubEvent`1"/> will maintain a <seealso cref="T:System.WeakReference"/> to the target of the supplied <paramref name="action"/> delegate.
            </summary>
            <param name="action">The delegate that gets executed when the event is published.</param>
            <returns>A <see cref="T:Microsoft.Practices.Prism.PubSubEvents.SubscriptionToken"/> that uniquely identifies the added subscription.</returns>
            <remarks>
            The PubSubEvent collection is thread-safe.
            </remarks>
        </member>
        <member name="M:Microsoft.Practices.Prism.PubSubEvents.PubSubEvent`1.Subscribe(System.Action{`0},Microsoft.Practices.Prism.PubSubEvents.ThreadOption)">
            <summary>
            Subscribes a delegate to an event.
            PubSubEvent will maintain a <seealso cref="T:System.WeakReference"/> to the Target of the supplied <paramref name="action"/> delegate.
            </summary>
            <param name="action">The delegate that gets executed when the event is raised.</param>
            <param name="threadOption">Specifies on which thread to receive the delegate callback.</param>
            <returns>A <see cref="T:Microsoft.Practices.Prism.PubSubEvents.SubscriptionToken"/> that uniquely identifies the added subscription.</returns>
            <remarks>
            The PubSubEvent collection is thread-safe.
            </remarks>
        </member>
        <member name="M:Microsoft.Practices.Prism.PubSubEvents.PubSubEvent`1.Subscribe(System.Action{`0},System.Boolean)">
            <summary>
            Subscribes a delegate to an event that will be published on the <see cref="F:Microsoft.Practices.Prism.PubSubEvents.ThreadOption.PublisherThread"/>.
            </summary>
            <param name="action">The delegate that gets executed when the event is published.</param>
            <param name="keepSubscriberReferenceAlive">When <see langword="true"/>, the <seealso cref="T:Microsoft.Practices.Prism.PubSubEvents.PubSubEvent`1"/> keeps a reference to the subscriber so it does not get garbage collected.</param>
            <returns>A <see cref="T:Microsoft.Practices.Prism.PubSubEvents.SubscriptionToken"/> that uniquely identifies the added subscription.</returns>
            <remarks>
            If <paramref name="keepSubscriberReferenceAlive"/> is set to <see langword="false"/>, <see cref="T:Microsoft.Practices.Prism.PubSubEvents.PubSubEvent`1"/> will maintain a <seealso cref="T:System.WeakReference"/> to the Target of the supplied <paramref name="action"/> delegate.
            If not using a WeakReference (<paramref name="keepSubscriberReferenceAlive"/> is <see langword="true"/>), the user must explicitly call Unsubscribe for the event when disposing the subscriber in order to avoid memory leaks or unexpected behavior.
            <para/>
            The PubSubEvent collection is thread-safe.
            </remarks>
        </member>
        <member name="M:Microsoft.Practices.Prism.PubSubEvents.PubSubEvent`1.Subscribe(System.Action{`0},Microsoft.Practices.Prism.PubSubEvents.ThreadOption,System.Boolean)">
            <summary>
            Subscribes a delegate to an event.
            </summary>
            <param name="action">The delegate that gets executed when the event is published.</param>
            <param name="threadOption">Specifies on which thread to receive the delegate callback.</param>
            <param name="keepSubscriberReferenceAlive">When <see langword="true"/>, the <seealso cref="T:Microsoft.Practices.Prism.PubSubEvents.PubSubEvent`1"/> keeps a reference to the subscriber so it does not get garbage collected.</param>
            <returns>A <see cref="T:Microsoft.Practices.Prism.PubSubEvents.SubscriptionToken"/> that uniquely identifies the added subscription.</returns>
            <remarks>
            If <paramref name="keepSubscriberReferenceAlive"/> is set to <see langword="false"/>, <see cref="T:Microsoft.Practices.Prism.PubSubEvents.PubSubEvent`1"/> will maintain a <seealso cref="T:System.WeakReference"/> to the Target of the supplied <paramref name="action"/> delegate.
            If not using a WeakReference (<paramref name="keepSubscriberReferenceAlive"/> is <see langword="true"/>), the user must explicitly call Unsubscribe for the event when disposing the subscriber in order to avoid memory leaks or unexpected behavior.
            <para/>
            The PubSubEvent collection is thread-safe.
            </remarks>
        </member>
        <member name="M:Microsoft.Practices.Prism.PubSubEvents.PubSubEvent`1.Subscribe(System.Action{`0},Microsoft.Practices.Prism.PubSubEvents.ThreadOption,System.Boolean,System.Predicate{`0})">
            <summary>
            Subscribes a delegate to an event.
            </summary>
            <param name="action">The delegate that gets executed when the event is published.</param>
            <param name="threadOption">Specifies on which thread to receive the delegate callback.</param>
            <param name="keepSubscriberReferenceAlive">When <see langword="true"/>, the <seealso cref="T:Microsoft.Practices.Prism.PubSubEvents.PubSubEvent`1"/> keeps a reference to the subscriber so it does not get garbage collected.</param>
            <param name="filter">Filter to evaluate if the subscriber should receive the event.</param>
            <returns>A <see cref="T:Microsoft.Practices.Prism.PubSubEvents.SubscriptionToken"/> that uniquely identifies the added subscription.</returns>
            <remarks>
            If <paramref name="keepSubscriberReferenceAlive"/> is set to <see langword="false"/>, <see cref="T:Microsoft.Practices.Prism.PubSubEvents.PubSubEvent`1"/> will maintain a <seealso cref="T:System.WeakReference"/> to the Target of the supplied <paramref name="action"/> delegate.
            If not using a WeakReference (<paramref name="keepSubscriberReferenceAlive"/> is <see langword="true"/>), the user must explicitly call Unsubscribe for the event when disposing the subscriber in order to avoid memory leaks or unexpected behavior.
            
            The PubSubEvent collection is thread-safe.
            </remarks>
        </member>
        <member name="M:Microsoft.Practices.Prism.PubSubEvents.PubSubEvent`1.Publish(`0)">
            <summary>
            Publishes the <see cref="T:Microsoft.Practices.Prism.PubSubEvents.PubSubEvent`1"/>.
            </summary>
            <param name="payload">Message to pass to the subscribers.</param>
        </member>
        <member name="M:Microsoft.Practices.Prism.PubSubEvents.PubSubEvent`1.Unsubscribe(System.Action{`0})">
            <summary>
            Removes the first subscriber matching <seealso cref="T:System.Action`1"/> from the subscribers' list.
            </summary>
            <param name="subscriber">The <see cref="T:System.Action`1"/> used when subscribing to the event.</param>
        </member>
        <member name="M:Microsoft.Practices.Prism.PubSubEvents.PubSubEvent`1.Contains(System.Action{`0})">
            <summary>
            Returns <see langword="true"/> if there is a subscriber matching <seealso cref="T:System.Action`1"/>.
            </summary>
            <param name="subscriber">The <see cref="T:System.Action`1"/> used when subscribing to the event.</param>
            <returns><see langword="true"/> if there is an <seealso cref="T:System.Action`1"/> that matches; otherwise <see langword="false"/>.</returns>
        </member>
        <member name="T:Microsoft.Practices.Prism.PubSubEvents.SubscriptionToken">
            <summary>
            Subscription token returned from <see cref="T:Microsoft.Practices.Prism.PubSubEvents.EventBase"/> on subscribe.
            </summary>
        </member>
        <member name="M:Microsoft.Practices.Prism.PubSubEvents.SubscriptionToken.#ctor(System.Action{Microsoft.Practices.Prism.PubSubEvents.SubscriptionToken})">
            <summary>
            Initializes a new instance of <see cref="T:Microsoft.Practices.Prism.PubSubEvents.SubscriptionToken"/>.
            </summary>
        </member>
        <member name="M:Microsoft.Practices.Prism.PubSubEvents.SubscriptionToken.Equals(Microsoft.Practices.Prism.PubSubEvents.SubscriptionToken)">
            <summary>
            Indicates whether the current object is equal to another object of the same type.
            </summary>
            <returns>
            <see langword="true"/> if the current object is equal to the <paramref name="other" /> parameter; otherwise, <see langword="false"/>.
            </returns>
            <param name="other">An object to compare with this object.</param>
        </member>
        <member name="M:Microsoft.Practices.Prism.PubSubEvents.SubscriptionToken.Equals(System.Object)">
            <summary>
            Determines whether the specified <see cref="T:System.Object" /> is equal to the current <see cref="T:System.Object" />.
            </summary>
            <returns>
            true if the specified <see cref="T:System.Object" /> is equal to the current <see cref="T:System.Object" />; otherwise, false.
            </returns>
            <param name="obj">The <see cref="T:System.Object" /> to compare with the current <see cref="T:System.Object" />. </param>
            <exception cref="T:System.NullReferenceException">The <paramref name="obj" /> parameter is null.</exception><filterpriority>2</filterpriority>
        </member>
        <member name="M:Microsoft.Practices.Prism.PubSubEvents.SubscriptionToken.GetHashCode">
            <summary>
            Serves as a hash function for a particular type. 
            </summary>
            <returns>
            A hash code for the current <see cref="T:System.Object" />.
            </returns>
            <filterpriority>2</filterpriority>
        </member>
        <member name="M:Microsoft.Practices.Prism.PubSubEvents.SubscriptionToken.Dispose">
            <summary>
            Disposes the SubscriptionToken, removing the subscription from the corresponding <see cref="T:Microsoft.Practices.Prism.PubSubEvents.EventBase"/>.
            </summary>
        </member>
        <member name="T:Microsoft.Practices.Prism.PubSubEvents.ThreadOption">
            <summary>
            Specifies on which thread a <see cref="T:Microsoft.Practices.Prism.PubSubEvents.PubSubEvent`1"/> subscriber will be called.
            </summary>
        </member>
        <member name="F:Microsoft.Practices.Prism.PubSubEvents.ThreadOption.PublisherThread">
            <summary>
            The call is done on the same thread on which the <see cref="T:Microsoft.Practices.Prism.PubSubEvents.PubSubEvent`1"/> was published.
            </summary>
        </member>
        <member name="F:Microsoft.Practices.Prism.PubSubEvents.ThreadOption.UIThread">
            <summary>
            The call is done on the UI thread.
            </summary>
        </member>
        <member name="F:Microsoft.Practices.Prism.PubSubEvents.ThreadOption.BackgroundThread">
            <summary>
            The call is done asynchronously on a background thread.
            </summary>
        </member>
    </members>
</doc>
