﻿<?xml version="1.0" encoding="utf-8"?>
<Deployment xmlns="http://schemas.microsoft.com/windowsphone/2012/deployment" AppPlatformVersion="8.0">
  <DefaultLanguage xmlns="" code="en-US" />
  <App xmlns="" ProductID="{2b37f693-b10c-48fe-be92-2f977acce8e5}" Title="DAPPr_PoC" RuntimeType="Silverlight" Version="1.0.0.0" Genre="apps.normal" Author="DAPPr_PoC author" Description="Sample description" Publisher="DAPPr_PoC" PublisherID="{a58f69aa-b28f-4ca4-b9b5-7ee1e9d73de6}">
    <IconPath IsRelative="true" IsResource="false">Assets\ApplicationIcon.png</IconPath>
    <Capabilities>
      <Capability Name="ID_CAP_MICROPHONE" />
      <Capability Name="ID_CAP_NETWORKING" />
      <Capability Name="ID_CAP_SPEECH_RECOGNITION" />
    </Capabilities>
    <Tasks>
      <DefaultTask Name="_default" NavigationPage="MainPage.xaml" />
    </Tasks>
    <Tokens>
      <PrimaryToken TokenID="DAPPr_PoCToken" TaskName="_default">
        <TemplateFlip>
          <SmallImageURI IsRelative="true" IsResource="false">Assets\Tiles\FlipCycleTileSmall.png</SmallImageURI>
          <Count>0</Count>
          <BackgroundImageURI IsRelative="true" IsResource="false">Assets\Tiles\FlipCycleTileMedium.png</BackgroundImageURI>
          <Title>DAPPr_PoC</Title>
          <BackContent>
          </BackContent>
          <BackBackgroundImageURI>
          </BackBackgroundImageURI>
          <BackTitle>
          </BackTitle>
          <DeviceLockImageURI>
          </DeviceLockImageURI>
          <HasLarge>
          </HasLarge>
        </TemplateFlip>
      </PrimaryToken>
    </Tokens>
    <ScreenResolutions>
      <ScreenResolution Name="ID_RESOLUTION_WVGA" />
      <ScreenResolution Name="ID_RESOLUTION_WXGA" />
      <ScreenResolution Name="ID_RESOLUTION_HD720P" />
    </ScreenResolutions>
  </App>
</Deployment>